{"cameraMode":{"drawMode":0,"name":"Shaded","section":"Shading Mode"},"sceneLighting":false,"audioPlay":false,"sceneViewState":{"m_AlwaysRefresh":false,"showFog":true,"showSkybox":false,"showFlares":true,"showImageEffects":true,"showParticleSystems":true,"showVisualEffectGraphs":true,"m_FxEnabled":true},"in2DMode":false,"pivot":{"x":27.18000030517578,"y":8.30507755279541,"z":17.011999130249025},"rotation":{"x":-0.004258895292878151,"y":0.9908120036125183,"z":-0.1370098739862442,"w":-0.029111435636878015},"size":0.10288546234369278,"orthographic":false}