{"cameraMode":{"drawMode":0,"name":"Shaded","section":"Shading Mode"},"sceneLighting":true,"audioPlay":false,"sceneViewState":{"m_AlwaysRefresh":false,"showFog":true,"showSkybox":true,"showFlares":true,"showImageEffects":true,"showParticleSystems":true,"showVisualEffectGraphs":true,"m_FxEnabled":true},"in2DMode":false,"pivot":{"x":26.18513298034668,"y":10.725608825683594,"z":19.58458137512207},"rotation":{"x":-0.09187741577625275,"y":-0.2150152325630188,"z":0.020361363887786866,"w":-0.972453236579895},"size":0.002474036766216159,"orthographic":false}