{"cameraMode":{"drawMode":0,"name":"Shaded","section":"Shading Mode"},"sceneLighting":true,"audioPlay":false,"sceneViewState":{"m_AlwaysRefresh":false,"showFog":true,"showSkybox":true,"showFlares":true,"showImageEffects":true,"showParticleSystems":true,"showVisualEffectGraphs":true,"m_FxEnabled":true},"in2DMode":false,"pivot":{"x":25.466068267822267,"y":8.1821928024292,"z":14.392467498779297},"rotation":{"x":0.16256818175315858,"y":0.10631278902292252,"z":-0.014693538658320904,"w":0.9816181659698486},"size":0.13182611763477326,"orthographic":false}