{"cameraMode":{"drawMode":0,"name":"Shaded","section":"Shading Mode"},"sceneLighting":false,"audioPlay":false,"sceneViewState":{"m_AlwaysRefresh":false,"showFog":true,"showSkybox":false,"showFlares":true,"showImageEffects":true,"showParticleSystems":true,"showVisualEffectGraphs":true,"m_FxEnabled":true},"in2DMode":false,"pivot":{"x":-0.028028249740600587,"y":0.4015257656574249,"z":0.015324056148529053},"rotation":{"x":0.34100762009620669,"y":0.31881555914878847,"z":-0.12420976161956787,"w":0.8756003975868225},"size":1.4219757318496705,"orthographic":false}